{
	"format_version": "1.8.0",
	"animations": {
		"animation.utilitycraft.pedestal_area_outline.preview": {
			"loop": "hold_on_last_frame",
			"animation_length": 3,
			"bones": {
				"edge_x_y0_z0": {
					"position": { "0.0": [0, 0, 64], "1.0": [0, 0, 0], "2.0": [0, 0, 0], "3.0": [0, 0, 64] },
					"scale": { "0.0": [0.111111, 1, 1], "1.0": [1, 1, 1], "2.0": [1, 1, 1], "3.0": [0.111111, 1, 1] }
				},
				"edge_x_y0_z1": {
					"position": { "0.0": [0, 0, -64], "1.0": [0, 0, 0], "2.0": [0, 0, 0], "3.0": [0, 0, -64] },
					"scale": { "0.0": [0.111111, 1, 1], "1.0": [1, 1, 1], "2.0": [1, 1, 1], "3.0": [0.111111, 1, 1] }
				},
				"edge_x_y1_z0": {
					"position": { "0.0": [0, 0, 64], "1.0": [0, 0, 0], "2.0": [0, 0, 0], "3.0": [0, 0, 64] },
					"scale": { "0.0": [0.111111, 1, 1], "1.0": [1, 1, 1], "2.0": [1, 1, 1], "3.0": [0.111111, 1, 1] }
				},
				"edge_x_y1_z1": {
					"position": { "0.0": [0, 0, -64], "1.0": [0, 0, 0], "2.0": [0, 0, 0], "3.0": [0, 0, -64] },
					"scale": { "0.0": [0.111111, 1, 1], "1.0": [1, 1, 1], "2.0": [1, 1, 1], "3.0": [0.111111, 1, 1] }
				},
				"edge_y_x0_z0": {
					"position": { "0.0": [64, 0, 64], "1.0": [0, 0, 0], "2.0": [0, 0, 0], "3.0": [64, 0, 64] }
				},
				"edge_y_x0_z1": {
					"position": { "0.0": [64, 0, -64], "1.0": [0, 0, 0], "2.0": [0, 0, 0], "3.0": [64, 0, -64] }
				},
				"edge_y_x1_z0": {
					"position": { "0.0": [-64, 0, 64], "1.0": [0, 0, 0], "2.0": [0, 0, 0], "3.0": [-64, 0, 64] }
				},
				"edge_y_x1_z1": {
					"position": { "0.0": [-64, 0, -64], "1.0": [0, 0, 0], "2.0": [0, 0, 0], "3.0": [-64, 0, -64] }
				},
				"edge_z_x0_y0": {
					"position": { "0.0": [64, 0, 0], "1.0": [0, 0, 0], "2.0": [0, 0, 0], "3.0": [64, 0, 0] },
					"scale": { "0.0": [1, 1, 0.111111], "1.0": [1, 1, 1], "2.0": [1, 1, 1], "3.0": [1, 1, 0.111111] }
				},
				"edge_z_x0_y1": {
					"position": { "0.0": [64, 0, 0], "1.0": [0, 0, 0], "2.0": [0, 0, 0], "3.0": [64, 0, 0] },
					"scale": { "0.0": [1, 1, 0.111111], "1.0": [1, 1, 1], "2.0": [1, 1, 1], "3.0": [1, 1, 0.111111] }
				},
				"edge_z_x1_y0": {
					"position": { "0.0": [-64, 0, 0], "1.0": [0, 0, 0], "2.0": [0, 0, 0], "3.0": [-64, 0, 0] },
					"scale": { "0.0": [1, 1, 0.111111], "1.0": [1, 1, 1], "2.0": [1, 1, 1], "3.0": [1, 1, 0.111111] }
				},
				"edge_z_x1_y1": {
					"position": { "0.0": [-64, 0, 0], "1.0": [0, 0, 0], "2.0": [0, 0, 0], "3.0": [-64, 0, 0] },
					"scale": { "0.0": [1, 1, 0.111111], "1.0": [1, 1, 1], "2.0": [1, 1, 1], "3.0": [1, 1, 0.111111] }
				}
			}
		}
	}
}
